tenant_number,rent_per_month
201,9166.666666666666
202,4583.333333333333
203,5416.666666666667
204,49000.0
205,2679.1666666666665
206,2083.3333333333335
207,2833.3333333333335
208,6500.0
209,1683.3333333333333
210,4833.333333333333
211,5166.666666666667
212,6750.0
213,inf
214,5083.333333333333
215,4500.0
